Account,Title,Location,Matched,URL
Discord,"Engineering Manager, Data Platform",SF Bay Area,1,https://job-boards.greenhouse.io/discord/jobs/8397385002
Discord,"Engineering Manager, Notifications",SF Bay Area,0,https://job-boards.greenhouse.io/discord/jobs/8537955002
Discord,"Engineering Manager, Revenue",SF Bay Area,0,https://job-boards.greenhouse.io/discord/jobs/8502342002
Discord,"Engineering Manager, Social Commerce",SF Bay Area,0,https://job-boards.greenhouse.io/discord/jobs/8509325002
Discord,"Director of Engineering, Safety",SF Bay Area,0,https://job-boards.greenhouse.io/discord/jobs/8571766002
Discord,"Senior Full-Stack Software Engineer, Player Experience",SF Bay Area,0,https://job-boards.greenhouse.io/discord/jobs/8497565002
Discord,"Senior Full-Stack Software Engineer, Quests Experience",SF Bay Area,0,https://job-boards.greenhouse.io/discord/jobs/8177757002
Discord,"Senior Data Engineer, Analytics",SF Bay Area,0,https://job-boards.greenhouse.io/discord/jobs/8540239002
Discord,"Senior Data Scientist, Analytics",SF Bay Area,0,https://job-boards.greenhouse.io/discord/jobs/8468440002
Discord,Senior Privacy Engineer,SF Bay Area,0,https://job-boards.greenhouse.io/discord/jobs/8409005002
Discord,"Senior Security Engineer, Enterprise Security",SF Bay Area,0,https://job-boards.greenhouse.io/discord/jobs/8447477002
Discord,"Senior Software Engineer, Ads Measurement & Targeting",SF Bay Area,0,https://job-boards.greenhouse.io/discord/jobs/8575644002
Discord,"Senior Software Engineer, Consumer Revenue",SF Bay Area,0,https://job-boards.greenhouse.io/discord/jobs/8460791002
Discord,"Senior Software Engineer, Enforce - Safety Processing",SF/LA,0,https://job-boards.greenhouse.io/discord/jobs/8545675002
Discord,"Senior Software Engineer, Front-End Infrastructure",SF/Remote-US,1,https://job-boards.greenhouse.io/discord/jobs/8599753002
Discord,"Senior Software Engineer, Machine Learning (Ads)",SF Bay Area,0,https://job-boards.greenhouse.io/discord/jobs/8538039002
Discord,Senior Software Engineer - Safety Platform,SF/LA,1,https://job-boards.greenhouse.io/discord/jobs/8544305002
Discord,Senior Software Engineer - Safety Processing,SF/LA,0,https://job-boards.greenhouse.io/discord/jobs/8377248002
Discord,Senior Software Engineer - Web Platform,SF/Remote-US,1,https://job-boards.greenhouse.io/discord/jobs/8399456002
Discord,"Software Engineer, Data Platform",SF Bay Area,1,https://job-boards.greenhouse.io/discord/jobs/8396927002
Discord,"Software Engineer, Distributed Systems",SF Bay Area,0,https://job-boards.greenhouse.io/discord/jobs/8545663002
Discord,"Staff Data Engineer, Ads",Remote (U.S.),0,https://job-boards.greenhouse.io/discord/jobs/8299493002
Discord,"Staff Data Engineer, Analytics",SF Bay Area,0,https://job-boards.greenhouse.io/discord/jobs/8485884002
Discord,"Staff Software Engineer, Data Platform","San Francisco, CA",1,https://job-boards.greenhouse.io/discord/jobs/8498984002
Discord,"Staff Software Engineer, Platform Security",SF/Remote,0,https://job-boards.greenhouse.io/discord/jobs/8177912002
Discord,Staff Software Engineer - Safety Experience,SF/LA,0,https://job-boards.greenhouse.io/discord/jobs/8344197002
Discord,"Staff Software Engineer, Safety Processing",SF/LA,0,https://job-boards.greenhouse.io/discord/jobs/8214127002
Discord,Staff Software Engineer - Consumer Revenue,Remote (U.S.),0,https://job-boards.greenhouse.io/discord/jobs/8460867002
Discord,"Senior Full-Stack Software Engineer, Social Commerce",SF Bay Area,0,https://job-boards.greenhouse.io/discord/jobs/8604768002
Discord,"Software Engineer, Developer Success",SF Bay Area,0,https://job-boards.greenhouse.io/discord/jobs/8609250002
Robinhood,Android Engineer,"New York, NY",0,https://boards.greenhouse.io/robinhood/jobs/6669758?gh_jid=6669758
Robinhood,Android Engineer,"Menlo Park, CA",0,https://boards.greenhouse.io/robinhood/jobs/7350823?gh_jid=7350823
Robinhood,"Engineering Manager, Concierge","Menlo Park, CA",0,https://boards.greenhouse.io/robinhood/jobs/7542965?gh_jid=7542965
Robinhood,"Engineering Manager, Derivatives","Ljubljana, Slovenia",0,https://boards.greenhouse.io/robinhood/jobs/7542975?gh_jid=7542975
Robinhood,"Engineering Manager, Equities","Menlo Park, CA",0,https://boards.greenhouse.io/robinhood/jobs/7489553?gh_jid=7489553
Robinhood,"Engineering Manager, Toronto","Toronto, Canada",0,https://boards.greenhouse.io/robinhood/jobs/7117648?gh_jid=7117648
Robinhood,"Full Stack Software Engineer, Credit Cards & Banking",Bellevue/Menlo Park/NY,0,https://boards.greenhouse.io/robinhood/jobs/8008723?gh_jid=8008723
Robinhood,iOS Engineer,"Menlo Park, CA",0,https://boards.greenhouse.io/robinhood/jobs/7794027?gh_jid=7794027
Robinhood,iOS Engineer,"Menlo Park, CA",0,https://boards.greenhouse.io/robinhood/jobs/7980523?gh_jid=7980523
Robinhood,iOS Engineer,"New York, NY",0,https://boards.greenhouse.io/robinhood/jobs/6674980?gh_jid=6674980
Robinhood,Machine Learning Engineer,"Bellevue, WA",0,https://boards.greenhouse.io/robinhood/jobs/7960680?gh_jid=7960680
Robinhood,"Quality Engineer, iOS/Android","Toronto, Canada",0,https://boards.greenhouse.io/robinhood/jobs/7739588?gh_jid=7739588
Robinhood,Salesforce Applications Developer,"Toronto, Canada",0,https://boards.greenhouse.io/robinhood/jobs/7729315?gh_jid=7729315
Robinhood,"Security Engineer, AI Vulnerability Management","Menlo Park, CA",0,https://boards.greenhouse.io/robinhood/jobs/7939818?gh_jid=7939818
Robinhood,"Security Engineer, Detection & Response","Ljubljana, Slovenia",0,https://boards.greenhouse.io/robinhood/jobs/7724380?gh_jid=7724380
Robinhood,"Security Engineer, Detection & Response","Toronto, Canada",0,https://boards.greenhouse.io/robinhood/jobs/7697727?gh_jid=7697727
Robinhood,"Security Engineer, Detection & Response","Menlo Park, CA",0,https://boards.greenhouse.io/robinhood/jobs/7697725?gh_jid=7697725
Robinhood,Senior Android Engineer,"Menlo Park, CA",0,https://boards.greenhouse.io/robinhood/jobs/7412393?gh_jid=7412393
Robinhood,Senior Android Engineer,"New York, NY",0,https://boards.greenhouse.io/robinhood/jobs/7982640?gh_jid=7982640
Robinhood,"Senior Applications Engineer, Corporate Systems","Menlo Park, CA",0,https://boards.greenhouse.io/robinhood/jobs/7901507?gh_jid=7901507
Robinhood,Senior Cloud Security Engineer,"Bellevue, WA",0,https://boards.greenhouse.io/robinhood/jobs/7178427?gh_jid=7178427
Robinhood,Senior Engineering Manager,"New York, NY",0,https://boards.greenhouse.io/robinhood/jobs/7804654?gh_jid=7804654
Robinhood,"Senior Engineering Manager, AI Research and Development",Bellevue/Menlo Park,0,https://boards.greenhouse.io/robinhood/jobs/7844218?gh_jid=7844218
Robinhood,Senior iOS Engineer,"Menlo Park, CA",0,https://boards.greenhouse.io/robinhood/jobs/6675127?gh_jid=6675127
Robinhood,Senior Machine Learning Engineer,"Menlo Park, CA",0,https://boards.greenhouse.io/robinhood/jobs/7976529?gh_jid=7976529
Robinhood,Senior Network Reliability Engineer,"Bellevue, WA",1,https://boards.greenhouse.io/robinhood/jobs/7976534?gh_jid=7976534
Robinhood,Senior Penetration Tester,"Bellevue, WA",0,https://boards.greenhouse.io/robinhood/jobs/7939813?gh_jid=7939813
Robinhood,"Senior Security Engineer, AI Vulnerability Management","Menlo Park, CA",0,https://boards.greenhouse.io/robinhood/jobs/7728174?gh_jid=7728174
Robinhood,"Senior Security Engineer, AI Vulnerability Management","Toronto, Canada",0,https://boards.greenhouse.io/robinhood/jobs/7728176?gh_jid=7728176
Robinhood,"Senior Security Engineer, Application Security",Bellevue/Menlo Park,0,https://boards.greenhouse.io/robinhood/jobs/7918258?gh_jid=7918258
Robinhood,"Senior Software Developer, Infrastructure","Toronto, Canada",1,https://boards.greenhouse.io/robinhood/jobs/6889390?gh_jid=6889390
Robinhood,"Senior Software Developer, Kubernetes Compute","Toronto, Canada",1,https://boards.greenhouse.io/robinhood/jobs/7871254?gh_jid=7871254
Robinhood,Senior Software Engineer,"Menlo Park, CA",0,https://boards.greenhouse.io/robinhood/jobs/7975544?gh_jid=7975544
Robinhood,Senior Software Engineer,"Menlo Park, CA",0,https://boards.greenhouse.io/robinhood/jobs/7975563?gh_jid=7975563
Robinhood,Senior Software Engineer,"Menlo Park, CA",0,https://boards.greenhouse.io/robinhood/jobs/7975519?gh_jid=7975519
Robinhood,Senior Software Engineer,"Menlo Park, CA",0,https://boards.greenhouse.io/robinhood/jobs/7975551?gh_jid=7975551
Robinhood,Senior Software Engineer,"Ljubljana, Slovenia",0,https://boards.greenhouse.io/robinhood/jobs/7473817?gh_jid=7473817
Robinhood,"Senior Software Engineer, Backend",Menlo Park/NY,0,https://boards.greenhouse.io/robinhood/jobs/7264931?gh_jid=7264931
Robinhood,"Senior Software Engineer, Capacity & Efficiency","Bellevue, WA",0,https://boards.greenhouse.io/robinhood/jobs/7489675?gh_jid=7489675
Robinhood,"Senior Software Engineer, Cloud Integration","Ljubljana, Slovenia",1,https://boards.greenhouse.io/robinhood/jobs/7648454?gh_jid=7648454
Robinhood,"Senior Software Engineer, Data Engineering","Menlo Park, CA",0,https://boards.greenhouse.io/robinhood/jobs/4738660?gh_jid=4738660
Robinhood,Senior Software Engineer - Robinhood Command Center,"Menlo Park, CA",0,https://boards.greenhouse.io/robinhood/jobs/7838644?gh_jid=7838644
Robinhood,"Senior Software Engineer, Robinhood Command Center","New York, NY",0,https://boards.greenhouse.io/robinhood/jobs/7993511?gh_jid=7993511
Robinhood,"Senior Software Engineer, Security Platform","Bellevue, WA",0,https://boards.greenhouse.io/robinhood/jobs/7899482?gh_jid=7899482
Robinhood,"Senior Software Engineer, Trade PMR","New York, NY",0,https://boards.greenhouse.io/robinhood/jobs/7684760?gh_jid=7684760
Robinhood,"Senior Staff Software Developer, Developer Productivity & AI Tooling","Toronto, Canada",0,https://boards.greenhouse.io/robinhood/jobs/6913966?gh_jid=6913966
Robinhood,"Senior Staff Software Engineer, Data Platform","Bellevue, WA",1,https://boards.greenhouse.io/robinhood/jobs/7729014?gh_jid=7729014
Robinhood,"Senior Web Engineer, Legend",Menlo Park/NY,0,https://boards.greenhouse.io/robinhood/jobs/7847004?gh_jid=7847004
Robinhood,"Software Developer, Kubernetes Compute","Toronto, Canada",1,https://boards.greenhouse.io/robinhood/jobs/7770009?gh_jid=7770009
Robinhood,"Software Developer, Provisioning","Toronto, Canada",0,https://boards.greenhouse.io/robinhood/jobs/4829946?gh_jid=4829946
Robinhood,Software Engineer,"Menlo Park, CA",0,https://boards.greenhouse.io/robinhood/jobs/7975557?gh_jid=7975557
Robinhood,Software Engineer,"Menlo Park, CA",0,https://boards.greenhouse.io/robinhood/jobs/7960734?gh_jid=7960734
Robinhood,Software Engineer,"Menlo Park, CA",0,https://boards.greenhouse.io/robinhood/jobs/7975480?gh_jid=7975480
Robinhood,Software Engineer,"Menlo Park, CA",0,https://boards.greenhouse.io/robinhood/jobs/7975507?gh_jid=7975507
Robinhood,Software Engineer,"Menlo Park, CA",0,https://boards.greenhouse.io/robinhood/jobs/7975516?gh_jid=7975516
Robinhood,Software Engineer,"Menlo Park, CA",0,https://boards.greenhouse.io/robinhood/jobs/7975526?gh_jid=7975526
Robinhood,Software Engineer,"Menlo Park, CA",0,https://boards.greenhouse.io/robinhood/jobs/7975529?gh_jid=7975529
Robinhood,Software Engineer,"Menlo Park, CA",0,https://boards.greenhouse.io/robinhood/jobs/7975530?gh_jid=7975530
Robinhood,Software Engineer,"Menlo Park, CA",0,https://boards.greenhouse.io/robinhood/jobs/7975531?gh_jid=7975531
Robinhood,Software Engineer,"Menlo Park, CA",0,https://boards.greenhouse.io/robinhood/jobs/7975549?gh_jid=7975549
Robinhood,Software Engineer,"Menlo Park, CA",0,https://boards.greenhouse.io/robinhood/jobs/7975550?gh_jid=7975550
Robinhood,Software Engineer,"Menlo Park, CA",0,https://boards.greenhouse.io/robinhood/jobs/7975558?gh_jid=7975558
Robinhood,"Software Engineer, Agentic AI","Bellevue, WA",0,https://boards.greenhouse.io/robinhood/jobs/7975477?gh_jid=7975477
Robinhood,"Software Engineer, Backend","Menlo Park, CA",0,https://boards.greenhouse.io/robinhood/jobs/7263592?gh_jid=7263592
Robinhood,Staff Offensive Security Engineer,"Bellevue, WA",0,https://boards.greenhouse.io/robinhood/jobs/7460167?gh_jid=7460167
Robinhood,Staff Offensive Security Engineer,"Toronto, Canada",0,https://boards.greenhouse.io/robinhood/jobs/7460169?gh_jid=7460169
Robinhood,"Staff Security Engineer, Application Security",Bellevue/Menlo Park,0,https://boards.greenhouse.io/robinhood/jobs/7754299?gh_jid=7754299
Robinhood,Staff Software Engineer,"London, UK",0,https://boards.greenhouse.io/robinhood/jobs/7716677?gh_jid=7716677
Robinhood,"Staff Software Engineer, Core Exchange","Ljubljana, Slovenia",0,https://boards.greenhouse.io/robinhood/jobs/7716679?gh_jid=7716679
Robinhood,"Staff Software Engineer, Retirements Account","New York, NY",0,https://boards.greenhouse.io/robinhood/jobs/7804599?gh_jid=7804599
Robinhood,"Staff Software Engineer, Security","Bellevue, WA",0,https://boards.greenhouse.io/robinhood/jobs/7819461?gh_jid=7819461
Robinhood,"Staff Software Engineer, Web3",Menlo Park/NY,0,https://boards.greenhouse.io/robinhood/jobs/7489950?gh_jid=7489950
Robinhood,"Staff Software Engineer, Web3","Toronto, Canada",0,https://boards.greenhouse.io/robinhood/jobs/7489952?gh_jid=7489952
Robinhood,Senior Network Developer,"Toronto, Canada",0,https://boards.greenhouse.io/robinhood/jobs/8014801?gh_jid=8014801
Robinhood,"Engineering Manager, Prediction Markets","Menlo Park, CA",0,https://boards.greenhouse.io/robinhood/jobs/8036664?gh_jid=8036664
Robinhood,"Staff Software Engineer, Storage Platform","Bellevue, WA",1,https://boards.greenhouse.io/robinhood/jobs/8044227?gh_jid=8044227
Robinhood,Web Developer - Crypto Expansion,"Toronto, Canada",0,https://boards.greenhouse.io/robinhood/jobs/8049662?gh_jid=8049662
Faire,Applied AI / ML Scientist - Ads Bidding,"San Francisco, CA",0,https://boards.greenhouse.io/faire/jobs/8400765002?gh_jid=8400765002
Faire,Data Engineer - Analytics Platform,"Kitchener-Waterloo/Toronto, ON",0,https://boards.greenhouse.io/faire/jobs/8538503002?gh_jid=8538503002
Faire,Data Science Intern,"San Francisco, CA",0,https://boards.greenhouse.io/faire/jobs/8376377002?gh_jid=8376377002
Faire,Principal Applied AI / ML Engineer,"San Francisco, CA",0,https://boards.greenhouse.io/faire/jobs/8456064002?gh_jid=8456064002
Faire,Senior Analytics Engineer - GTM,"San Francisco, CA",0,https://boards.greenhouse.io/faire/jobs/8535853002?gh_jid=8535853002
Faire,Senior Analytics Engineer - Marketplace,"San Francisco, CA",0,https://boards.greenhouse.io/faire/jobs/8336548002?gh_jid=8336548002
Faire,Senior Analytics Engineer - Marketplace,"Toronto, ON",0,https://boards.greenhouse.io/faire/jobs/8449627002?gh_jid=8449627002
Faire,Senior Applied AI/ML Scientist - Ads Bidding,"San Francisco, CA",0,https://boards.greenhouse.io/faire/jobs/8398741002?gh_jid=8398741002
Faire,Senior Applied AI/ML Scientist - Compass,"Kitchener-Waterloo/Toronto, ON",0,https://boards.greenhouse.io/faire/jobs/8610312002?gh_jid=8610312002
Faire,Senior Applied AI/ML Scientist - Compass,"New York City/San Francisco, CA",0,https://boards.greenhouse.io/faire/jobs/8610263002?gh_jid=8610263002
Faire,Senior Applied AI/ML Scientist - Fulfillment,"San Francisco, CA",0,https://boards.greenhouse.io/faire/jobs/8525082002?gh_jid=8525082002
Faire,Senior Applied AI/ML Scientist - Listing Quality,"Toronto, ON",0,https://boards.greenhouse.io/faire/jobs/8227567002?gh_jid=8227567002
Faire,Senior Applied AI/ML Scientist - Listing Quality,"San Francisco, CA",0,https://boards.greenhouse.io/faire/jobs/8227562002?gh_jid=8227562002
Faire,Senior Applied AI/ML Scientist - Search,"San Francisco, CA",0,https://boards.greenhouse.io/faire/jobs/7934398002?gh_jid=7934398002
Faire,Senior Applied AI/ML Scientist - Search,"Kitchener-Waterloo/Toronto, ON",0,https://boards.greenhouse.io/faire/jobs/7934426002?gh_jid=7934426002
Faire,Senior Engineering Manager - Discovery,"San Francisco, CA",0,https://boards.greenhouse.io/faire/jobs/8564077002?gh_jid=8564077002
Faire,Senior Frontend or Backend Engineer - Growth,"Kitchener-Waterloo/Toronto, ON",0,https://boards.greenhouse.io/faire/jobs/8465048002?gh_jid=8465048002
Faire,Senior Software Engineer - Growth,"Kitchener-Waterloo/Toronto, ON",0,https://boards.greenhouse.io/faire/jobs/8465041002?gh_jid=8465041002
Faire,Senior Staff Data Engineer - Platform Data and Analytics,"Kitchener-Waterloo/Toronto, ON",1,https://boards.greenhouse.io/faire/jobs/8612419002?gh_jid=8612419002
Faire,Senior Staff Data Engineer - Platform Data and Analytics,"San Francisco, CA",1,https://boards.greenhouse.io/faire/jobs/8612420002?gh_jid=8612420002
Faire,Senior Staff Engineer - Product Security,LA/NYC/SF,0,https://boards.greenhouse.io/faire/jobs/8462924002?gh_jid=8462924002
Faire,Senior Staff Engineer - Product Security,"Kitchener-Waterloo/Toronto, ON",0,https://boards.greenhouse.io/faire/jobs/8462925002?gh_jid=8462925002
Faire,Senior Staff Machine Learning Platform Engineer,"Kitchener-Waterloo/Toronto, ON",1,https://boards.greenhouse.io/faire/jobs/8618464002?gh_jid=8618464002
Faire,Senior Staff Machine Learning Platform Engineer,"San Francisco, CA",1,https://boards.greenhouse.io/faire/jobs/8618460002?gh_jid=8618460002
Faire,Software Engineer - Retailer Growth,"Kitchener-Waterloo/Toronto, ON",0,https://boards.greenhouse.io/faire/jobs/8603123002?gh_jid=8603123002
Faire,Staff Applied ML/AI Scientist - Search,"Kitchener-Waterloo/Toronto, ON",0,https://boards.greenhouse.io/faire/jobs/8618151002?gh_jid=8618151002
Faire,Staff Applied ML/AI Scientist - Search,"New York City/San Francisco, CA",0,https://boards.greenhouse.io/faire/jobs/8618124002?gh_jid=8618124002
Faire,Staff Backend Engineer - Search FX,"San Francisco, CA",0,https://boards.greenhouse.io/faire/jobs/8523826002?gh_jid=8523826002
Faire,Staff Backend Engineer - Search FX,"Kitchener-Waterloo/Toronto, ON",0,https://boards.greenhouse.io/faire/jobs/8523771002?gh_jid=8523771002
Faire,"Staff Engineer, Enterprise AI","San Francisco, CA",0,https://boards.greenhouse.io/faire/jobs/8536687002?gh_jid=8536687002
Faire,Staff Engineer - Growth Platform,"Kitchener-Waterloo/Toronto, ON",1,https://boards.greenhouse.io/faire/jobs/8558462002?gh_jid=8558462002
Faire,Staff Engineer - Product Security,"Kitchener-Waterloo/Toronto, ON",0,https://boards.greenhouse.io/faire/jobs/8552817002?gh_jid=8552817002
Faire,Staff Engineer - Product Security,LA/NYC/SF,0,https://boards.greenhouse.io/faire/jobs/8552826002?gh_jid=8552826002
Faire,Senior Platform Analytics Engineer,"Kitchener-Waterloo/Toronto, ON",0,https://boards.greenhouse.io/faire/jobs/8569249002?gh_jid=8569249002
Faire,Senior Backend Engineer - Brand Platform,"San Francisco, CA",1,https://boards.greenhouse.io/faire/jobs/8620224002?gh_jid=8620224002
Faire,Staff Backend Engineer - Ads Formats,"Kitchener-Waterloo/Toronto, ON",0,https://boards.greenhouse.io/faire/jobs/8609131002?gh_jid=8609131002
Gusto,Enterprise Application AI Architect,Multi-US / Remote,0,https://job-boards.greenhouse.io/gusto/jobs/7369003
Gusto,Head of AI and Machine Learning Engineering,Denver/SF/NY,0,https://job-boards.greenhouse.io/gusto/jobs/7948318
Gusto,Data Governance Technical Program Manager,"Denver, CO",0,https://job-boards.greenhouse.io/gusto/jobs/7982793
Gusto,"Frontend Full Stack Staff SWE, AI Platform Experiences",NY/Seattle,1,https://job-boards.greenhouse.io/gusto/jobs/7732015
Gusto,Retirement AI Staff Engineer,Denver/SF/NY,0,https://job-boards.greenhouse.io/gusto/jobs/7986047
Gusto,Principal Software Engineer - Pay Group Engineering,Denver/SF/NY,0,https://job-boards.greenhouse.io/gusto/jobs/7027020
Gusto,Sr. Staff AI/ML Engineer,Denver/SF/NY/LA,0,https://job-boards.greenhouse.io/gusto/jobs/7307124
Gusto,Staff Business Systems Analyst,Denver/SF,0,https://job-boards.greenhouse.io/gusto/jobs/7815573
Gusto,Staff Data Scientist - Growth,SF/NY,0,https://job-boards.greenhouse.io/gusto/jobs/7557049
Gusto,"Staff Data Scientist, Risk",SF/NY,0,https://job-boards.greenhouse.io/gusto/jobs/7656216
Gusto,Staff Data Scientist - Time Products,SF/NY,0,https://job-boards.greenhouse.io/gusto/jobs/7524662
Gusto,"Staff Software Engineer, Database Infrastructure",Denver/SF/NY/LA/Seattle,1,https://job-boards.greenhouse.io/gusto/jobs/7413644
Gusto,"Staff Software Engineer, Developer Productivity Async","SF, CA",0,https://job-boards.greenhouse.io/gusto/jobs/7947658
Gusto,"Staff Software Engineer, Growth (Orchestration Platform)","SF, CA",1,https://job-boards.greenhouse.io/gusto/jobs/7985867
Gusto,"Staff Software Engineer, Growth (Revenue Enablement)","SF, CA",0,https://job-boards.greenhouse.io/gusto/jobs/7673999
Gusto,"Staff Software Engineer, Platform Orchestration","SF, CA",0,https://job-boards.greenhouse.io/gusto/jobs/7863130
Gusto,"Staff Software Engineer, AI Security","SF, CA",0,https://job-boards.greenhouse.io/gusto/jobs/7590298
Gusto,"Staff Software Engineer, Android Identity","SF, CA",0,https://job-boards.greenhouse.io/gusto/jobs/6923172
Gusto,"Staff Software Engineer, AI Developer Tools",Multi-US / Remote,0,https://job-boards.greenhouse.io/gusto/jobs/7947684
Gusto,"Staff Software Engineer, Core Platforms",SF/Denver/NY,1,https://job-boards.greenhouse.io/gusto/jobs/7760341
Gusto,"Staff Software Engineer, Core Products",SF/Denver/NY,0,https://job-boards.greenhouse.io/gusto/jobs/7458337
Gusto,"Staff Software Engineer, Payments / Risk",SF/NY,0,https://job-boards.greenhouse.io/gusto/jobs/7822587
Gusto,Senior Staff Network Engineer - Network Security,"SF, CA",0,https://job-boards.greenhouse.io/gusto/jobs/7833228
Gusto,"Senior Staff IT Controls, Enterprise Applications",SF/Seattle,0,https://job-boards.greenhouse.io/gusto/jobs/7905578
Gusto,"Senior Staff Engineer - Tax Platform Engineering","San Francisco, CA",1,https://job-boards.greenhouse.io/gusto/jobs/8013480
Chime,AI/ML Engineer,"San Francisco, CA",0,https://boards.greenhouse.io/chime/jobs/8569368002
Chime,Data Governance Engineer,"San Francisco, CA",0,https://boards.greenhouse.io/chime/jobs/8525098002
Chime,"Data Scientist, Growth Product","San Francisco, CA",0,https://boards.greenhouse.io/chime/jobs/8586430002
Chime,"Engineering Manager, Data Platform","San Francisco, CA",1,https://boards.greenhouse.io/chime/jobs/8477424002
Chime,"Engineering Manager, Spending, Savings & Investing","San Francisco, CA",0,https://boards.greenhouse.io/chime/jobs/8535340002
Chime,"Mobile Software Engineer, Lending","San Francisco, CA",0,https://boards.greenhouse.io/chime/jobs/8535338002
Chime,Senior AI/ML Engineer,Chicago/NY/SF/Seattle,0,https://boards.greenhouse.io/chime/jobs/8569366002
Chime,"Senior Data Scientist, Growth Product","San Francisco, CA",0,https://boards.greenhouse.io/chime/jobs/8586440002
Chime,"Senior Data Scientist, Spending","San Francisco, CA",0,https://boards.greenhouse.io/chime/jobs/8586462002
Chime,"Senior Data Scientist, Trust & Safety","San Francisco, CA",0,https://boards.greenhouse.io/chime/jobs/8586463002
Chime,"Senior Frontend Engineer, Design Systems",NY/SF,0,https://boards.greenhouse.io/chime/jobs/8375225002
Chime,"Senior Full-Stack Engineer, App Journey (GraphQL)",NY/SF,0,https://boards.greenhouse.io/chime/jobs/8485955002
Chime,Senior Offensive Security Engineer,"San Francisco, CA",0,https://boards.greenhouse.io/chime/jobs/8121830002
Chime,Senior Security Engineer,NY/SF,0,https://boards.greenhouse.io/chime/jobs/8575572002
Chime,Senior Software Engineer (Chicago),"Chicago, IL",0,https://boards.greenhouse.io/chime/jobs/8400999002
Chime,"Senior Software Engineer, Data Engineering","San Francisco, CA",0,https://boards.greenhouse.io/chime/jobs/8505462002
Chime,"Senior Ruby Full-Stack SWE, Disputes Intake","Chicago, IL",0,https://boards.greenhouse.io/chime/jobs/8499443002
Chime,"Software Engineer, Credit Risk Platform","San Francisco, CA",1,https://boards.greenhouse.io/chime/jobs/8219793002
Chime,"Software Engineer, Deposits & Insights","San Francisco, CA",0,https://boards.greenhouse.io/chime/jobs/8523547002
Chime,"Software Engineer, Financial Platform",NY/SF/Seattle,1,https://boards.greenhouse.io/chime/jobs/8594959002
Chime,"Software Engineer, Infrastructure","Remote, USA",1,https://boards.greenhouse.io/chime/jobs/8573625002
Chime,"Software Engineer, Instant Loans","San Francisco, CA",0,https://boards.greenhouse.io/chime/jobs/8433840002
Chime,"Software Engineer, Machine Learning Platform","San Francisco, CA",1,https://boards.greenhouse.io/chime/jobs/8505460002
Chime,"Software Engineer, MyPay","San Francisco, CA",0,https://boards.greenhouse.io/chime/jobs/8499450002
Chime,Product Security Engineer,"San Francisco, CA",0,https://boards.greenhouse.io/chime/jobs/8141068002
Chime,"Manager, Product Security","San Francisco, CA",0,https://boards.greenhouse.io/chime/jobs/8526680002
Chime,"Software Engineer, Infrastructure","Remote, USA",1,https://boards.greenhouse.io/chime/jobs/8616359002
Chime,"Senior Software Engineer, Platform","San Francisco, CA",1,https://boards.greenhouse.io/chime/jobs/8525883002
Lyft,Business Systems Engineer,"Mexico City, MX",0,https://app.careerpuck.com/job-board/lyft/job/8483264002?gh_jid=8483264002
Lyft,"Business Systems Engineer, Oracle EPM","Toronto, Canada",0,https://app.careerpuck.com/job-board/lyft/job/8578270002?gh_jid=8578270002
Lyft,"Business Systems Engineer, Oracle OTC","Mexico City, MX",0,https://app.careerpuck.com/job-board/lyft/job/8464813002?gh_jid=8464813002
Lyft,"Business Systems Engineer, Oracle PTM","Toronto, Canada",0,https://app.careerpuck.com/job-board/lyft/job/8482826002?gh_jid=8482826002
Lyft,"Business Systems Engineer, Oracle STP","Mexico City, MX",0,https://app.careerpuck.com/job-board/lyft/job/8483261002?gh_jid=8483261002
Lyft,"Business Systems Engineer, Tax Technology","Toronto, Canada",0,https://app.careerpuck.com/job-board/lyft/job/8582874002?gh_jid=8582874002
Lyft,Data Engineer,"Mexico City, MX",0,https://app.careerpuck.com/job-board/lyft/job/8594129002?gh_jid=8594129002
Lyft,"Engineering Manager – Data Platform, Lakehouse Foundation","Toronto, Canada",1,https://app.careerpuck.com/job-board/lyft/job/8578280002?gh_jid=8578280002
Lyft,Firmware Test Engineer,"San Francisco, CA",0,https://app.careerpuck.com/job-board/lyft/job/8559583002?gh_jid=8559583002
Lyft,iOS Tooling Engineer,"Toronto, Canada",0,https://app.careerpuck.com/job-board/lyft/job/8297733002?gh_jid=8297733002
Lyft,"Senior AI Software Engineer, Risk - Insurance Claims","Seattle, WA",0,https://app.careerpuck.com/job-board/lyft/job/8508372002?gh_jid=8508372002
Lyft,"Senior AI Software Engineer, Risk - Insurance Claims","San Francisco, CA",0,https://app.careerpuck.com/job-board/lyft/job/8508346002?gh_jid=8508346002
Lyft,"Senior Android Engineer, Mobile Foundations","San Francisco, CA",0,https://app.careerpuck.com/job-board/lyft/job/8378420002?gh_jid=8378420002
Lyft,"Senior Engineering Manager, Mapping","Toronto, Canada",0,https://app.careerpuck.com/job-board/lyft/job/8538295002?gh_jid=8538295002
Lyft,Senior iOS Tooling Engineer,"Toronto, Canada",0,https://app.careerpuck.com/job-board/lyft/job/8289497002?gh_jid=8289497002
Lyft,"Senior Machine Learning Engineer, Recommendations","San Francisco, CA",0,https://app.careerpuck.com/job-board/lyft/job/8430552002?gh_jid=8430552002
Lyft,"Senior ML Software Engineer, Mapping","San Francisco, CA",0,https://app.careerpuck.com/job-board/lyft/job/8421650002?gh_jid=8421650002
Lyft,"Senior Security Engineer, Corporate Security","Seattle, WA",0,https://app.careerpuck.com/job-board/lyft/job/8525352002?gh_jid=8525352002
Lyft,"Senior Software Engineer, AI-Powered Developer Productivity","Toronto, Canada",0,https://app.careerpuck.com/job-board/lyft/job/8515377002?gh_jid=8515377002
Lyft,"Senior Software Engineer, Autonomous Vehicle","San Francisco, CA",0,https://app.careerpuck.com/job-board/lyft/job/8459156002?gh_jid=8459156002
Lyft,"Senior Software Engineer, CorpSec","Mexico City, MX",0,https://app.careerpuck.com/job-board/lyft/job/8421525002?gh_jid=8421525002
Lyft,"Senior Software Engineer, Growth Platforms","New York, NY",1,https://app.careerpuck.com/job-board/lyft/job/8586469002?gh_jid=8586469002
Lyft,"Senior Software Engineer, Growth Platforms","San Francisco, CA",1,https://app.careerpuck.com/job-board/lyft/job/8586322002?gh_jid=8586322002
Lyft,"Senior Software Engineer, Lyft Business","San Francisco, CA",0,https://app.careerpuck.com/job-board/lyft/job/8445493002?gh_jid=8445493002
Lyft,"Senior Software Engineer, Rider","New York, NY",0,https://app.careerpuck.com/job-board/lyft/job/8525090002?gh_jid=8525090002
Lyft,"Senior Software Engineer, Self-Serve Intelligence","San Francisco, CA",0,https://app.careerpuck.com/job-board/lyft/job/8508257002?gh_jid=8508257002
Lyft,"Software Engineer (Backend), Growth Platforms","Toronto, Canada",0,https://app.careerpuck.com/job-board/lyft/job/8421508002?gh_jid=8421508002
Lyft,"Software Engineer, Frontend - Lyft Urban Solutions","Toronto, Canada",0,https://app.careerpuck.com/job-board/lyft/job/8594759002?gh_jid=8594759002
Lyft,"Software Engineer, Fulfillment","Toronto, Canada",0,https://app.careerpuck.com/job-board/lyft/job/8584593002?gh_jid=8584593002
Lyft,"Software Engineer, iOS","Mexico City, MX",0,https://app.careerpuck.com/job-board/lyft/job/8559585002?gh_jid=8559585002
Lyft,"Software Engineer, Pricing","Toronto, Canada",0,https://app.careerpuck.com/job-board/lyft/job/8396751002?gh_jid=8396751002
Lyft,"Software Engineer, Scheduled Rides","Toronto, Canada",0,https://app.careerpuck.com/job-board/lyft/job/8544638002?gh_jid=8544638002
Lyft,"Senior Software Engineer, Ad Infra","Toronto, Canada",1,https://app.careerpuck.com/job-board/lyft/job/8603660002?gh_jid=8603660002
Lyft,Senior Platform Engineer - Workday,"San Francisco, CA",1,https://app.careerpuck.com/job-board/lyft/job/8621017002?gh_jid=8621017002
Komodo Health,AI Enablement Lead (Mavens),United States,0,https://job-boards.greenhouse.io/komodohealth/jobs/8521714002
Komodo Health,Consultant (Salesforce Configuration),India,0,https://job-boards.greenhouse.io/komodohealth/jobs/7763676002
Komodo Health,Cloud Systems Engineer,United States,1,https://job-boards.greenhouse.io/komodohealth/jobs/8571139002
Komodo Health,Data Product Manager,"Remote, US",0,https://job-boards.greenhouse.io/komodohealth/jobs/8564922002
Komodo Health,Front End Engineer,India,0,https://job-boards.greenhouse.io/komodohealth/jobs/8546972002
Komodo Health,Full-Stack AI Engineer (evergreen),"San Francisco, CA",0,https://job-boards.greenhouse.io/komodohealth/jobs/8584991002
Komodo Health,Senior Data Engineer,United States,0,https://job-boards.greenhouse.io/komodohealth/jobs/8556870002
Komodo Health,Senior Data Engineer (Healthcare Data),United States,0,https://job-boards.greenhouse.io/komodohealth/jobs/8527016002
Komodo Health,"Senior Forward Deployed Engineer, AI",United States,0,https://job-boards.greenhouse.io/komodohealth/jobs/8569468002
Komodo Health,"Senior Forward Deployed Engineer, AI",India,0,https://job-boards.greenhouse.io/komodohealth/jobs/8544993002
Komodo Health,Senior IAM Engineer,Costa Rica,0,https://job-boards.greenhouse.io/komodohealth/jobs/8334695002
Komodo Health,Senior IAM Engineer,India,0,https://job-boards.greenhouse.io/komodohealth/jobs/8393728002
Komodo Health,Senior Infrastructure Engineer,United States,1,https://job-boards.greenhouse.io/komodohealth/jobs/8540299002
Komodo Health,Senior Platform Engineer,India,1,https://job-boards.greenhouse.io/komodohealth/jobs/7885159002
Komodo Health,"Senior Project Manager, Salesforce",India,0,https://job-boards.greenhouse.io/komodohealth/jobs/8450293002
Komodo Health,Staff Data Engineer,United States,0,https://job-boards.greenhouse.io/komodohealth/jobs/8508919002
Komodo Health,Staff Platform Engineer (PT Zone),United States,1,https://job-boards.greenhouse.io/komodohealth/jobs/8546790002
Twilio,Frontend Software Engineer,Remote - UK,0,https://job-boards.greenhouse.io/twilio/jobs/7946608
Twilio,Machine Learning Engineer,Remote - Ireland,0,https://job-boards.greenhouse.io/twilio/jobs/7996774
Twilio,Machine Learning Engineer,Remote - US,0,https://job-boards.greenhouse.io/twilio/jobs/7702644
Twilio,Machine Learning Engineer,Remote - Spain,0,https://job-boards.greenhouse.io/twilio/jobs/8007455
Twilio,"Manager, Software Engineering (L4)",Remote - India,0,https://job-boards.greenhouse.io/twilio/jobs/6849268
Twilio,Senior Cloud Software Engineer,Remote - Spain,1,https://job-boards.greenhouse.io/twilio/jobs/7807419
Twilio,Senior Infrastructure Engineer - Stytch,Remote - US,1,https://job-boards.greenhouse.io/twilio/jobs/7474040
Twilio,"Senior Manager, Machine Learning",Remote - India,0,https://job-boards.greenhouse.io/twilio/jobs/7919148
Twilio,"Senior Manager, Machine Learning",Remote - US,0,https://job-boards.greenhouse.io/twilio/jobs/7066029
Twilio,Senior Network Engineer,Remote - India,0,https://job-boards.greenhouse.io/twilio/jobs/7657993
Twilio,Senior Software Engineer,Remote - Estonia,0,https://job-boards.greenhouse.io/twilio/jobs/7993530
Twilio,Senior Software Engineer,Remote - US,0,https://job-boards.greenhouse.io/twilio/jobs/7595407
Twilio,Senior Software Engineer (L3) - Full Stack,Remote - US,0,https://job-boards.greenhouse.io/twilio/jobs/7738955
Twilio,Senior Software Engineer- Video Signalling,Remote - Ireland,0,https://job-boards.greenhouse.io/twilio/jobs/7394811
Twilio,Senior/Staff Applied Research Software Engineer,Remote - India,0,https://job-boards.greenhouse.io/twilio/jobs/8007449
Twilio,Senior/Staff Applied Research SWE - Emerging Tech,Remote - US,0,https://job-boards.greenhouse.io/twilio/jobs/7993959
Twilio,Software Architect (L6),Remote - India,0,https://job-boards.greenhouse.io/twilio/jobs/7825089
Twilio,"Software Architect, Reliability Engineering",Remote - US,1,https://job-boards.greenhouse.io/twilio/jobs/7658259
Twilio,Software Engineer,Remote - US,0,https://job-boards.greenhouse.io/twilio/jobs/7605743
Twilio,Software Engineer,Remote - Estonia,0,https://job-boards.greenhouse.io/twilio/jobs/7647708
Twilio,Software Engineer,Remote - Ireland,0,https://job-boards.greenhouse.io/twilio/jobs/7785202
Twilio,Software Engineer (L1),Remote - US,0,https://job-boards.greenhouse.io/twilio/jobs/7681338
Twilio,Software Engineer (L2),Remote - India,0,https://job-boards.greenhouse.io/twilio/jobs/7926889
Twilio,Software Engineer (L2),Remote - US,0,https://job-boards.greenhouse.io/twilio/jobs/7188174
Twilio,Software Engineer (L2) Segment Team,Remote - US,0,https://job-boards.greenhouse.io/twilio/jobs/7767263
Twilio,Software Engineer L3,Remote - US,0,https://job-boards.greenhouse.io/twilio/jobs/8009057
Twilio,Software Engineer (L3),Remote - US,0,https://job-boards.greenhouse.io/twilio/jobs/7926883
Twilio,Software Engineer (L3) Data Substrate,Remote - US,0,https://job-boards.greenhouse.io/twilio/jobs/7954715
Twilio,Software Engineer - Video,Remote - US,0,https://job-boards.greenhouse.io/twilio/jobs/7661919
Twilio,Principal Engineer,Remote - US,0,https://job-boards.greenhouse.io/twilio/jobs/7944264
Twilio,Principal Engineer (L5),Remote - India,0,https://job-boards.greenhouse.io/twilio/jobs/7996776
Twilio,Principal Machine Learning & Data Engineer,Remote - US,0,https://job-boards.greenhouse.io/twilio/jobs/7155492
Twilio,Principal Software Engineer,Remote - India,0,https://job-boards.greenhouse.io/twilio/jobs/7644471
Twilio,"Staff, Analytics Engineer, GTM DS & Analytics",Remote - US,0,https://job-boards.greenhouse.io/twilio/jobs/8008538
Twilio,Staff Business Intelligence Engineer,Remote - India,0,https://job-boards.greenhouse.io/twilio/jobs/7972646
Twilio,Staff Data Scientist,Remote - US,0,https://job-boards.greenhouse.io/twilio/jobs/7821458
Twilio,"Staff, Data Scientist",Remote - US,0,https://job-boards.greenhouse.io/twilio/jobs/7851920
Twilio,"Staff Enterprise Security Engineer, AI Security",Remote - Ireland,0,https://job-boards.greenhouse.io/twilio/jobs/7962686
Twilio,"Staff Enterprise Security Engineer, AI Security",Remote - UK,0,https://job-boards.greenhouse.io/twilio/jobs/7904291
Twilio,Staff Machine Learning Engineer,Remote - US,0,https://job-boards.greenhouse.io/twilio/jobs/7061880
Twilio,Staff Machine Learning Engineer (L4),Remote - India,0,https://job-boards.greenhouse.io/twilio/jobs/7520997
Twilio,Staff Software Engineer,Remote - US,0,https://job-boards.greenhouse.io/twilio/jobs/7944328
Twilio,Staff Software Engineer (L4),Remote - Colombia,0,https://job-boards.greenhouse.io/twilio/jobs/7716279
Twilio,Staff Software Engineer (L4),Remote - India,0,https://job-boards.greenhouse.io/twilio/jobs/7996770
Twilio,"Staff, Software Engineer (L4)",Remote - India,0,https://job-boards.greenhouse.io/twilio/jobs/8015738
Twilio,Staff Software Engineer (L4) Data Platform,Remote - US,1,https://job-boards.greenhouse.io/twilio/jobs/7782805
Twilio,"Staff, Software Engineer (L4) - Email",Remote - US,0,https://job-boards.greenhouse.io/twilio/jobs/7967685
Twilio,Senior Engineering Manager (L5),Remote - India,0,https://job-boards.greenhouse.io/twilio/jobs/8001804
Twilio,Senior Manager Software Engineering,Remote - Ireland,0,https://job-boards.greenhouse.io/twilio/jobs/7938645
Cohere Health,Lead Data Engineer,"Hyderabad, India",0,https://job-boards.greenhouse.io/coherehealth/jobs/7695996003
Cohere Health,Lead Data Governance Specialist,United States,0,https://job-boards.greenhouse.io/coherehealth/jobs/7700324003
Cohere Health,Lead Data Scientist,"Hyderabad, India",0,https://job-boards.greenhouse.io/coherehealth/jobs/7693268003
Cohere Health,Lead Machine Learning Engineer,"Hyderabad, India",0,https://job-boards.greenhouse.io/coherehealth/jobs/7693174003
Cohere Health,Data Science Manager,"Hyderabad, India",0,https://job-boards.greenhouse.io/coherehealth/jobs/7013656003
Cohere Health,Data Scientist,"Hyderabad, India",0,https://job-boards.greenhouse.io/coherehealth/jobs/7741414003
Cohere Health,"Manager, Data Analytics","Hyderabad, India",0,https://job-boards.greenhouse.io/coherehealth/jobs/7693376003
Cohere Health,"Manager, Data Engineer","Hyderabad, India",0,https://job-boards.greenhouse.io/coherehealth/jobs/7741557003
Cohere Health,"Manager, Machine Learning & Data Science","Hyderabad, India",0,https://job-boards.greenhouse.io/coherehealth/jobs/7693152003
Cohere Health,Senior Machine Learning Engineer,United States,0,https://job-boards.greenhouse.io/coherehealth/jobs/7708749003
Cohere Health,Sr. Application Security,"Hyderabad, India",0,https://job-boards.greenhouse.io/coherehealth/jobs/7750876003
Cohere Health,Sr Business Intelligence Engineer,"Hyderabad, India",0,https://job-boards.greenhouse.io/coherehealth/jobs/7663856003
Cohere Health,Sr. Data Engineer,"Hyderabad, India",0,https://job-boards.greenhouse.io/coherehealth/jobs/7741530003
Cohere Health,Sr Software Engineer,"Hyderabad, India",0,https://job-boards.greenhouse.io/coherehealth/jobs/7712797003
Cohere Health,"Sr Software Engineer, AI Engineering","Hyderabad, India",0,https://job-boards.greenhouse.io/coherehealth/jobs/7763561003
Cohere Health,Staff Application Engineer,"Hyderabad, India",0,https://job-boards.greenhouse.io/coherehealth/jobs/7690469003
Cohere Health,Staff Data Scientist,"Hyderabad, India",0,https://job-boards.greenhouse.io/coherehealth/jobs/7693289003
Cohere Health,Staff Machine Learning Engineer,United States,0,https://job-boards.greenhouse.io/coherehealth/jobs/7617095003
Cohere Health,Staff Machine Learning Engineer,"Hyderabad, India",0,https://job-boards.greenhouse.io/coherehealth/jobs/7693285003
Cohere Health,Staff Software Engineer - Integration,"Hyderabad, India",0,https://job-boards.greenhouse.io/coherehealth/jobs/7735261003
Cohere Health,Staff Software Engineer - Platform Engineering,United States,1,https://job-boards.greenhouse.io/coherehealth/jobs/7718566003
Cohere Health,"Senior Software Engineer, Client Implementations",United States,0,https://job-boards.greenhouse.io/coherehealth/jobs/7771934003
Cohere Health,"Senior Software Engineer, Payment Integrity",United States,0,https://job-boards.greenhouse.io/coherehealth/jobs/7691011003
Cohere Health,"Manager, Data Platform",United States,1,https://job-boards.greenhouse.io/coherehealth/jobs/7784645003
Cohere Health,"Software Engineer II, Data Platform",United States,1,https://job-boards.greenhouse.io/coherehealth/jobs/7787107003
Brex,"Engineering Manager, GTM Engineering","San Francisco, CA",0,https://www.brex.com/careers/8339037002?gh_jid=8339037002
Brex,"Engineering Manager, GTM Engineering","New York, NY",0,https://www.brex.com/careers/8367549002?gh_jid=8367549002
Brex,"Engineering Manager, GTM Engineering","Seattle, WA",0,https://www.brex.com/careers/8367552002?gh_jid=8367552002
Brex,"Engineering Manager, GTM Engineering","Vancouver, BC",0,https://www.brex.com/careers/8367553002?gh_jid=8367553002
Brex,"Engineering Manager, AI — Brex Assistant","San Francisco, CA",0,https://www.brex.com/careers/8393583002?gh_jid=8393583002
Brex,"Engineering Manager, AI — Brex Assistant","Seattle, WA",0,https://www.brex.com/careers/8395068002?gh_jid=8395068002
Brex,"Engineering Program Manager, AI","Seattle, WA",0,https://www.brex.com/careers/8443298002?gh_jid=8443298002
Brex,"Engineering Manager, Onboarding","Vancouver, BC",0,https://www.brex.com/careers/8461597002?gh_jid=8461597002
Brex,"Engineering Manager, Onboarding","Seattle, WA",0,https://www.brex.com/careers/8461598002?gh_jid=8461598002
Brex,"Engineering Manager, Onboarding","New York, NY",0,https://www.brex.com/careers/8461599002?gh_jid=8461599002
Brex,"Engineering Manager, Onboarding","San Francisco, CA",0,https://www.brex.com/careers/8461600002?gh_jid=8461600002
Brex,"Senior Software Engineer, Product Data Platform","San Francisco, CA",0,https://www.brex.com/careers/8430182002?gh_jid=8430182002
Brex,"Senior Software Engineer, Product Data Platform","Vancouver, BC",0,https://www.brex.com/careers/8430196002?gh_jid=8430196002
Brex,"Engineering Manager, Cloud Infrastructure","Seattle, WA",1,https://www.brex.com/careers/8534621002?gh_jid=8534621002
Brex,"Engineering Manager, Cloud Infrastructure","San Francisco, CA",1,https://www.brex.com/careers/8534633002?gh_jid=8534633002
Brex,"Engineering Manager, Cloud Infrastructure","New York, NY",1,https://www.brex.com/careers/8534634002?gh_jid=8534634002
SoFi,Cybersecurity Incident Commander,Seattle/SF,0,https://sofi.com/careers/job/7751404003?gh_jid=7751404003
SoFi,"Data Science Manager, Borrow",SF/NYC,0,https://sofi.com/careers/job/7601581003?gh_jid=7601581003
SoFi,"Engineering Manager, Commercial Banking - Web","Seattle, WA",0,https://sofi.com/careers/job/7663516003?gh_jid=7663516003
SoFi,"Principal Engineer, Digital Identity",Seattle/SF,0,https://sofi.com/careers/job/7679621003?gh_jid=7679621003
SoFi,"Principal Software Engineer, Agentic Experiences",Seattle/SF,0,https://sofi.com/careers/job/7666785003?gh_jid=7666785003
SoFi,"Principal Software Engineer, AI Accelerated SDLC",SF/Seattle,0,https://sofi.com/careers/job/7511157003?gh_jid=7511157003
SoFi,"Principal Software Engineer, Loans Originations",Seattle/SF,0,https://sofi.com/careers/job/7575386003?gh_jid=7575386003
SoFi,"Principal Software Engineer, Loans Platform","Seattle, WA",1,https://sofi.com/careers/job/7575354003?gh_jid=7575354003
SoFi,"Principal Software Engineer, Member Growth",SF/Seattle,0,https://sofi.com/careers/job/7688391003?gh_jid=7688391003
Coinbase,Analytics Engineer,Hybrid - Luxembourg,0,https://www.coinbase.com/careers/positions/7843712?gh_jid=7843712
Coinbase,Data Protection Engineer,Remote - USA,0,https://www.coinbase.com/careers/positions/7993887?gh_jid=7993887
Coinbase,Engineering Manager - Customer Experience AI,Remote - India,0,https://www.coinbase.com/careers/positions/7741187?gh_jid=7741187
Coinbase,Machine Learning Engineer,Remote - India,0,https://www.coinbase.com/careers/positions/7985187?gh_jid=7985187
Coinbase,Senior Analytics Engineer (Platform - Financial Analytics),Remote - USA,0,https://www.coinbase.com/careers/positions/7736521?gh_jid=7736521
Coinbase,"Senior Compliance Tech Analyst, Platform",Remote - USA,0,https://www.coinbase.com/careers/positions/7947120?gh_jid=7947120
Coinbase,"Senior Data Scientist, CX Analytics",Remote - USA,0,https://www.coinbase.com/careers/positions/8009392?gh_jid=8009392
Coinbase,Senior Machine Learning Engineer,Remote - India,0,https://www.coinbase.com/careers/positions/7739592?gh_jid=7739592
Coinbase,"Senior Machine Learning Engineer, CX Intelligence",Remote - Brazil,0,https://www.coinbase.com/careers/positions/8008569?gh_jid=8008569
Coinbase,"Senior Site Reliability Engineer, Core AI Infrastructure",Remote - USA,1,https://www.coinbase.com/careers/positions/7847431?gh_jid=7847431
Coinbase,"Senior Site Reliability Engineer, Workforce Identity",Remote - USA,1,https://www.coinbase.com/careers/positions/7516971?gh_jid=7516971
Coinbase,Senior Software Engineer,Remote - USA,0,https://www.coinbase.com/careers/positions/7961318?gh_jid=7961318
Coinbase,"Senior Software Engineer, Backend (Consumer - Risk)",Remote - Canada,0,https://www.coinbase.com/careers/positions/7930686?gh_jid=7930686
Coinbase,"Senior Software Engineer, Backend - Identity",Remote - USA,0,https://www.coinbase.com/careers/positions/7746190?gh_jid=7746190
Coinbase,"Senior Software Engineer, CDP - Money Movement",Remote - Canada,0,https://www.coinbase.com/careers/positions/8013129?gh_jid=8013129
Coinbase,Senior Software Engineer - Data Platform,Remote - USA,0,https://www.coinbase.com/careers/positions/7851231?gh_jid=7851231
Coinbase,Senior Software Engineer - Data Platform,Remote - Canada,0,https://www.coinbase.com/careers/positions/7812407?gh_jid=7812407
Coinbase,"Senior Software Engineer, Developer Infrastructure",Remote - USA,0,https://www.coinbase.com/careers/positions/7964402?gh_jid=7964402
Coinbase,Senior Software Engineer (EAA),Remote - USA,0,https://www.coinbase.com/careers/positions/7483221?gh_jid=7483221
Coinbase,Senior Software Engineer Infra - Compute Platform,Remote - Canada,0,https://www.coinbase.com/careers/positions/7701645?gh_jid=7701645
Coinbase,"Senior Software Engineer, Infra - Compute Platform",Remote - USA,0,https://www.coinbase.com/careers/positions/7701651?gh_jid=7701651
Coinbase,Senior Software Engineer - Trading,Remote - Singapore,0,https://www.coinbase.com/careers/positions/7866674?gh_jid=7866674
Coinbase,Senior Staff Software Engineer - Blockchain Platform,Remote - USA,0,https://www.coinbase.com/careers/positions/7366208?gh_jid=7366208
Coinbase,"Senior Staff Software Engineer, Core Automation",Remote - USA,0,https://www.coinbase.com/careers/positions/7580292?gh_jid=7580292
Coinbase,"Senior Staff Software Engineer, Data Platform",Remote - USA,0,https://www.coinbase.com/careers/positions/7711287?gh_jid=7711287
Coinbase,"Senior Staff Software Engineer, Payments",Remote - USA,0,https://www.coinbase.com/careers/positions/7769273?gh_jid=7769273
Coinbase,Software Engineer,"Charlotte, NC",0,https://www.coinbase.com/careers/positions/8003605?gh_jid=8003605
Coinbase,"Software Engineer, Backend (Consumer - Risk)",Remote - Canada,0,https://www.coinbase.com/careers/positions/7991763?gh_jid=7991763
Coinbase,"Software Engineer, EAA Integrations",Remote - India,0,https://www.coinbase.com/careers/positions/7558051?gh_jid=7558051
Coinbase,"Senior Software Engineer, AI Platform Team",Remote - USA,1,https://www.coinbase.com/careers/positions/7997420?gh_jid=7997420
Airtable,"Software Engineer, Compute (8+ YOE)",SF/NY/Remote-US,0,https://job-boards.greenhouse.io/airtable/jobs/8442397002
Airtable,"Software Engineer, Data",SF/Austin/NY,0,https://job-boards.greenhouse.io/airtable/jobs/8124953002
Airtable,"Software Engineer, Infrastructure (4-8 YOE)",SF/NY/Seattle,1,https://job-boards.greenhouse.io/airtable/jobs/8400373002
Airtable,"Software Engineer, Infrastructure (8+ YOE)",SF/NY/Seattle,1,https://job-boards.greenhouse.io/airtable/jobs/8400388002
Airtable,"Software Engineer, Product Backend (8+ YOE)",SF/NY,0,https://job-boards.greenhouse.io/airtable/jobs/8397618002
Airtable,"Software Engineer, Product Frontend (8+ YOE)",SF/NY,0,https://job-boards.greenhouse.io/airtable/jobs/8397228002
Airtable,Product Security Engineer,SF/NY/Remote-Seattle,0,https://job-boards.greenhouse.io/airtable/jobs/8533547002
Airtable,"AI Agent Architect, Customer Experience",Remote - US,0,https://job-boards.greenhouse.io/airtable/jobs/8409168002
Flexport,"Senior Software Engineer, Autonomous Freight Systems","San Francisco, CA",0,https://boards.greenhouse.io/flexport/jobs/7975365?gh_jid=7975365
Flexport,Senior Software Engineer: Data Infrastructure,"Amsterdam, NL",1,https://boards.greenhouse.io/flexport/jobs/7449436?gh_jid=7449436
Flexport,"Senior Software Engineer, Customs","Amsterdam, NL",0,https://boards.greenhouse.io/flexport/jobs/8000000?gh_jid=8000000
Flexport,Software Engineer I,"Shenzhen, China",0,https://boards.greenhouse.io/flexport/jobs/7978696?gh_jid=7978696
Flexport,Software Engineer I,"Beijing, China",0,https://boards.greenhouse.io/flexport/jobs/7994960?gh_jid=7994960
Flexport,Software Engineer I,"Shanghai, China",0,https://boards.greenhouse.io/flexport/jobs/7978127?gh_jid=7978127
Flexport,Software Engineer II,"Shenzhen, China",0,https://boards.greenhouse.io/flexport/jobs/7906161?gh_jid=7906161
Flexport,Software Engineer II,"Beijing, China",0,https://boards.greenhouse.io/flexport/jobs/7994947?gh_jid=7994947
Flexport,Software Engineer II,"Shanghai, China",0,https://boards.greenhouse.io/flexport/jobs/5745289?gh_jid=5745289
Flexport,"Software Engineer II, Autonomous Freight Systems","San Francisco, CA",0,https://boards.greenhouse.io/flexport/jobs/7839346?gh_jid=7839346
Flexport,Staff Software Engineer: Applied AI,"Amsterdam, NL",0,https://boards.greenhouse.io/flexport/jobs/7311883?gh_jid=7311883
Flexport,"Staff Software Engineer, Autonomous Freight Systems","San Francisco, CA",0,https://boards.greenhouse.io/flexport/jobs/7819181?gh_jid=7819181
Hims & Hers,Sr Manager - Regulatory Affairs,US Remote,0,https://jobs.ashbyhq.com/hims-and-hers/025f97fe-5568-4840-93f5-a8baa3631710
Hims & Hers,Compounding Pharmacy Technician (Nights),"Gilbert, AZ",0,https://jobs.ashbyhq.com/hims-and-hers/04d538b7-05aa-4786-b5e9-828e469645b4
Hims & Hers,Inventory Clerk,"Mesa, AZ",0,https://jobs.ashbyhq.com/hims-and-hers/08a43c59-40e9-46ba-b45a-9838a2de82b6
Hims & Hers,Staff Pharmacist,"North York, ON",0,https://jobs.ashbyhq.com/hims-and-hers/08e6c489-2de2-4cd8-9030-af120e53ba98
Hims & Hers,Maintenance Technician - Pharmaceutical Compounding,"Gilbert, AZ",0,https://jobs.ashbyhq.com/hims-and-hers/0a54d1d9-4403-41e7-8a12-9bbc2e7cf173
Carta,Senior Site Reliability Engineer,SF/Santa Clara/Seattle,1,https://job-boards.greenhouse.io/carta/jobs/7688689003
Carta,Senior Software Engineer II,"London, UK",0,https://job-boards.greenhouse.io/carta/jobs/7652562003
Carta,Senior Software Engineer II,"Toronto, Canada",0,https://job-boards.greenhouse.io/carta/jobs/7656149003
Carta,Senior Software Engineer II,SF/Santa Clara/Seattle/NY,0,https://job-boards.greenhouse.io/carta/jobs/7652589003
Carta,Senior Software Engineer II,"Waterloo, Canada",0,https://job-boards.greenhouse.io/carta/jobs/7652568003
Carta,"Senior Software Engineer II, Developer Experience",SF/Santa Clara/NY,0,https://job-boards.greenhouse.io/carta/jobs/7713882003
Carta,Staff Software Engineer,"London, UK",0,https://job-boards.greenhouse.io/carta/jobs/7656304003
Carta,Staff Software Engineer,SF/Santa Clara/Seattle/NY,0,https://job-boards.greenhouse.io/carta/jobs/7656155003
Carta,Staff Software Engineer,"Waterloo, Canada",0,https://job-boards.greenhouse.io/carta/jobs/7656155003
Carta,Staff Software Engineer,"Toronto, Canada",0,https://job-boards.greenhouse.io/carta/jobs/7661772003
